Title,Price,Date
Be Wild and Free Market Seize The Data T Shirt Funny Gift for Computer Scientist Analyst Engineer Coder Geek - Unisex Tee,23.79,2024-01-20
Be Wild and Free Market Seize The Data T Shirt Funny Gift for Computer Scientist Analyst Engineer Coder Geek - Unisex Tee,23.79,2024-01-20
Be Wild and Free Market Seize The Data T Shirt Funny Gift for Computer Scientist Analyst Engineer Coder Geek - Unisex Tee,23.79,2024-01-20
Be Wild and Free Market Seize The Data T Shirt Funny Gift for Computer Scientist Analyst Engineer Coder Geek - Unisex Tee,23.79,2024-01-20
Be Wild and Free Market Seize The Data T Shirt Funny Gift for Computer Scientist Analyst Engineer Coder Geek - Unisex Tee,23.79,2024-01-20
Be Wild and Free Market Seize The Data T Shirt Funny Gift for Computer Scientist Analyst Engineer Coder Geek - Unisex Tee,23.79,2024-01-20
Be Wild and Free Market Seize The Data T Shirt Funny Gift for Computer Scientist Analyst Engineer Coder Geek - Unisex Tee,23.79,2024-01-20
Be Wild and Free Market Seize The Data T Shirt Funny Gift for Computer Scientist Analyst Engineer Coder Geek - Unisex Tee,23.79,2024-01-20
Be Wild and Free Market Seize The Data T Shirt Funny Gift for Computer Scientist Analyst Engineer Coder Geek - Unisex Tee,23.79,2024-01-20
Be Wild and Free Market Seize The Data T Shirt Funny Gift for Computer Scientist Analyst Engineer Coder Geek - Unisex Tee,23.79,2024-01-20
Be Wild and Free Market Seize The Data T Shirt Funny Gift for Computer Scientist Analyst Engineer Coder Geek - Unisex Tee,23.79,2024-01-20
Be Wild and Free Market Seize The Data T Shirt Funny Gift for Computer Scientist Analyst Engineer Coder Geek - Unisex Tee,23.79,2024-01-20
Be Wild and Free Market Seize The Data T Shirt Funny Gift for Computer Scientist Analyst Engineer Coder Geek - Unisex Tee,23.79,2024-01-20
Be Wild and Free Market Seize The Data T Shirt Funny Gift for Computer Scientist Analyst Engineer Coder Geek - Unisex Tee,23.79,2024-01-20
Be Wild and Free Market Seize The Data T Shirt Funny Gift for Computer Scientist Analyst Engineer Coder Geek - Unisex Tee,23.79,2024-01-20
